dataset Name,Run,N.Epochs,Batch Size,Auto Encoder,Latent Dimension,Index,Mean sMAPE,Median sMAPE,Mean RMSE,Median RMSE,Mean MASE,Median MASE
m3-demo,0,5,40,m3-demo_fcm_raw_8_NR2_NO_FeWe,0,Validate,7.675102681800573,2.2563314770954452,479.8866157173729,157.59710527549274,0.870067912224601,0.6391264871022923
m3-demo,0,5,40,m3-demo_fcm_raw_8_NR2_NO_FeWe,0,Test,8.270783013224273,3.657813728963853,519.8809918565701,234.16607706596895,1.071323378924507,0.9420364249465814
dataset Name,Run,N.Epochs,Batch Size,Auto Encoder,Latent Dimension,Index,Mean sMAPE,Median sMAPE,Mean RMSE,Median RMSE,Mean MASE,Median MASE
m3-demo,1,5,40,m3-demo_fcm_raw_8_NR2_NO_FeWe,0,Validate,8.672073528976979,2.223181396074377,540.9164128100788,157.1542709207368,0.9704579493854708,0.6790212883743458
m3-demo,1,5,40,m3-demo_fcm_raw_8_NR2_NO_FeWe,0,Test,8.130939015787158,3.0498522881927066,522.7965880756611,225.32117635467426,1.0260248124995281,0.7812264203823346
dataset Name,Run,N.Epochs,Batch Size,Auto Encoder,Latent Dimension,Index,Mean sMAPE,Median sMAPE,Mean RMSE,Median RMSE,Mean MASE,Median MASE
m3-demo,2,5,40,m3-demo_fcm_raw_8_NR2_NO_FeWe,0,Validate,7.432285510682756,1.9937254193437657,475.3916490115132,147.85502673551096,0.8662670843941557,0.611438070912924
m3-demo,2,5,40,m3-demo_fcm_raw_8_NR2_NO_FeWe,0,Test,7.5755924852320256,3.638359726677583,489.6693568825636,226.558268749466,0.9640096479596393,0.8013426045521268
dataset Name,Run,N.Epochs,Batch Size,Auto Encoder,Latent Dimension,Index,Mean sMAPE,Median sMAPE,Mean RMSE,Median RMSE,Mean MASE,Median MASE
m3-demo,3,5,40,m3-demo_fcm_raw_8_NR2_NO_FeWe,0,Validate,7.6931498567787795,2.014016622746391,494.7064279764556,151.1510226087117,0.898196561997104,0.6081561177808948
m3-demo,3,5,40,m3-demo_fcm_raw_8_NR2_NO_FeWe,0,Test,7.939957674913285,4.729837954453238,494.791353482971,264.7815471572316,1.057558048240208,0.8418776157997008
dataset Name,Run,N.Epochs,Batch Size,Auto Encoder,Latent Dimension,Index,Mean sMAPE,Median sMAPE,Mean RMSE,Median RMSE,Mean MASE,Median MASE
m3-demo,4,5,40,m3-demo_fcm_raw_8_NR2_NO_FeWe,0,Validate,8.168386513695557,2.073154479521665,510.8432053399755,162.18576619449198,0.9257517148019405,0.6539357123042494
m3-demo,4,5,40,m3-demo_fcm_raw_8_NR2_NO_FeWe,0,Test,7.905395720869925,3.5705827387249736,510.4956200016696,222.0407670996596,0.9466293935962181,0.7588920491786242
dataset Name,Run,N.Epochs,Batch Size,Auto Encoder,Latent Dimension,Index,Mean sMAPE,Median sMAPE,Mean RMSE,Median RMSE,Mean MASE,Median MASE
m3-demo,5,5,40,m3-demo_fcm_raw_8_NR2_NO_FeWe,0,Validate,7.7024005721334605,2.1812620661640967,485.6292585072361,170.85116294662055,0.9054693802560437,0.6988467179273611
m3-demo,5,5,40,m3-demo_fcm_raw_8_NR2_NO_FeWe,0,Test,7.925410523299369,3.653442100274119,485.9066211230802,233.90078969477221,1.0332485514695982,0.7687718459441024
dataset Name,Run,N.Epochs,Batch Size,Auto Encoder,Latent Dimension,Index,Mean sMAPE,Median sMAPE,Mean RMSE,Median RMSE,Mean MASE,Median MASE
m3-demo,6,5,40,m3-demo_fcm_raw_8_NR2_NO_FeWe,0,Validate,7.901942052391556,1.9574992063053627,497.0689775181103,150.10802180951572,0.8832013365514205,0.5970451322060265
m3-demo,6,5,40,m3-demo_fcm_raw_8_NR2_NO_FeWe,0,Test,8.387649214389437,4.294323813876397,519.1697473585708,274.1868905457594,1.0865961997166818,0.8283730118270797
dataset Name,Run,N.Epochs,Batch Size,Auto Encoder,Latent Dimension,Index,Mean sMAPE,Median sMAPE,Mean RMSE,Median RMSE,Mean MASE,Median MASE
m3-demo,7,5,40,m3-demo_fcm_raw_8_NR2_NO_FeWe,0,Validate,7.928005434948065,2.1308620760959327,502.7406811234473,169.40872319344723,0.9383400256579401,0.6436701977203015
m3-demo,7,5,40,m3-demo_fcm_raw_8_NR2_NO_FeWe,0,Test,7.758527278204264,2.9320869372620226,496.0313985361237,201.12136748567247,0.952791387975826,0.654529957304955
dataset Name,Run,N.Epochs,Batch Size,Auto Encoder,Latent Dimension,Index,Mean sMAPE,Median sMAPE,Mean RMSE,Median RMSE,Mean MASE,Median MASE
m3-demo,8,5,40,m3-demo_fcm_raw_8_NR2_NO_FeWe,0,Validate,8.226298016330626,2.2410926425741944,525.2113935712581,166.55224803847472,0.940343076715875,0.6667208450193172
m3-demo,8,5,40,m3-demo_fcm_raw_8_NR2_NO_FeWe,0,Test,7.9117687371273,3.3389236970217957,519.823133284034,230.83279113496968,1.0284857822393114,0.8753691930586744
dataset Name,Run,N.Epochs,Batch Size,Auto Encoder,Latent Dimension,Index,Mean sMAPE,Median sMAPE,Mean RMSE,Median RMSE,Mean MASE,Median MASE
m3-demo,9,5,40,m3-demo_fcm_raw_8_NR2_NO_FeWe,0,Validate,8.025755583825337,2.814427487058603,495.88537321421484,166.35805212520313,0.9206326741860488,0.7479529629842929
m3-demo,9,5,40,m3-demo_fcm_raw_8_NR2_NO_FeWe,0,Test,8.179855475842386,4.143337385700533,515.6200848074334,256.5777642416831,1.1246288570927583,0.8628209531448945
dataset Name,Run,N.Epochs,Batch Size,Auto Encoder,Latent Dimension,Index,Mean sMAPE,Median sMAPE,Mean RMSE,Median RMSE,Mean MASE,Median MASE
m3-demo,10,5,40,m3-demo_fcm_raw_8_NR2_NO_FeWe,0,Validate,7.810318302238748,2.1920550842681066,495.3830451092097,156.48372013983237,0.8870614168576956,0.6823006721545998
m3-demo,10,5,40,m3-demo_fcm_raw_8_NR2_NO_FeWe,0,Test,8.244756449841544,3.462388742966703,520.0172404338831,237.32470797030842,1.0588543801090173,0.8549674125140186
dataset Name,Run,N.Epochs,Batch Size,Auto Encoder,Latent Dimension,Index,Mean sMAPE,Median sMAPE,Mean RMSE,Median RMSE,Mean MASE,Median MASE
m3-demo,11,5,40,m3-demo_fcm_raw_8_NR2_NO_FeWe,0,Validate,7.509123388536844,2.2020363315054294,475.3189547057605,168.6733652761773,0.8976451309923458,0.6680443942291873
m3-demo,11,5,40,m3-demo_fcm_raw_8_NR2_NO_FeWe,0,Test,7.759948521475025,3.020142511542602,498.0744283142236,216.99366673721212,0.9219023545310064,0.6652475597541598
dataset Name,Run,N.Epochs,Batch Size,Auto Encoder,Latent Dimension,Index,Mean sMAPE,Median sMAPE,Mean RMSE,Median RMSE,Mean MASE,Median MASE
m3-demo,12,5,40,m3-demo_fcm_raw_8_NR2_NO_FeWe,0,Validate,8.342109297072911,2.084639524273963,528.9225047285254,161.95976325807993,0.9543361125248028,0.6984657525340844
m3-demo,12,5,40,m3-demo_fcm_raw_8_NR2_NO_FeWe,0,Test,7.838042845143292,3.049449073202076,487.12279319736103,199.8143379551115,0.9532362391056376,0.6665341688814855
dataset Name,Run,N.Epochs,Batch Size,Auto Encoder,Latent Dimension,Index,Mean sMAPE,Median sMAPE,Mean RMSE,Median RMSE,Mean MASE,Median MASE
m3-demo,13,5,40,m3-demo_fcm_raw_8_NR2_NO_FeWe,0,Validate,9.080985917146728,2.192322045439786,561.4480618462071,162.14262042766532,1.0142347023477876,0.7373332379448478
m3-demo,13,5,40,m3-demo_fcm_raw_8_NR2_NO_FeWe,0,Test,8.61851250462537,3.4724221770143,545.6467478246144,217.39402916590234,1.0593518483671935,0.7992105369837068
dataset Name,Run,N.Epochs,Batch Size,Auto Encoder,Latent Dimension,Index,Mean sMAPE,Median sMAPE,Mean RMSE,Median RMSE,Mean MASE,Median MASE
m3-demo,14,5,40,m3-demo_fcm_raw_8_NR2_NO_FeWe,0,Validate,7.832040051416392,2.647686357381407,494.8270823879751,169.07486306535645,0.9125888642753105,0.6679275656534924
m3-demo,14,5,40,m3-demo_fcm_raw_8_NR2_NO_FeWe,0,Test,7.972480605128629,4.09706441923607,504.40877760339475,254.040788943497,1.1070274476929378,0.8529510160144049
dataset Name,Run,N.Epochs,Batch Size,Auto Encoder,Latent Dimension,Index,Mean sMAPE,Median sMAPE,Mean RMSE,Median RMSE,Mean MASE,Median MASE
m3-demo,15,5,40,m3-demo_fcm_raw_8_NR2_NO_FeWe,0,Validate,8.795916616805346,2.8232912287188774,556.3479422904701,184.4264053458926,1.0092135295727611,0.7105626066599506
m3-demo,15,5,40,m3-demo_fcm_raw_8_NR2_NO_FeWe,0,Test,7.916738322723687,3.48458890931873,509.5349116554203,223.11429206482677,0.9994780181154774,0.7913956208273035
dataset Name,Run,N.Epochs,Batch Size,Auto Encoder,Latent Dimension,Index,Mean sMAPE,Median sMAPE,Mean RMSE,Median RMSE,Mean MASE,Median MASE
m3-demo,16,5,40,m3-demo_fcm_raw_8_NR2_NO_FeWe,0,Validate,8.280525875503466,2.8331535095809115,547.0282640147781,194.51035411924755,0.9830958293251959,0.8018234398341318
m3-demo,16,5,40,m3-demo_fcm_raw_8_NR2_NO_FeWe,0,Test,8.765056307525795,4.6456721635722085,562.2041577553863,286.75848869383975,1.2579076089918158,1.0984822871893283
dataset Name,Run,N.Epochs,Batch Size,Auto Encoder,Latent Dimension,Index,Mean sMAPE,Median sMAPE,Mean RMSE,Median RMSE,Mean MASE,Median MASE
m3-demo,17,5,40,m3-demo_fcm_raw_8_NR2_NO_FeWe,0,Validate,7.8285887216722365,2.1619540765582705,487.108239331692,156.9574217790531,0.913633268458286,0.654962840330479
m3-demo,17,5,40,m3-demo_fcm_raw_8_NR2_NO_FeWe,0,Test,7.739944763343715,3.30894620152123,481.8432619920512,197.95042198336182,0.9506946982055767,0.6829829917047624
dataset Name,Run,N.Epochs,Batch Size,Auto Encoder,Latent Dimension,Index,Mean sMAPE,Median sMAPE,Mean RMSE,Median RMSE,Mean MASE,Median MASE
m3-demo,18,5,40,m3-demo_fcm_raw_8_NR2_NO_FeWe,0,Validate,8.855207991304562,1.9939228274131773,562.2793854357507,148.65180036147294,0.9190418885443861,0.6277103945825591
m3-demo,18,5,40,m3-demo_fcm_raw_8_NR2_NO_FeWe,0,Test,9.241440798239786,4.471163094279039,591.8076724565461,280.1934539023309,1.0909485389968234,0.7978424700995446
dataset Name,Run,N.Epochs,Batch Size,Auto Encoder,Latent Dimension,Index,Mean sMAPE,Median sMAPE,Mean RMSE,Median RMSE,Mean MASE,Median MASE
m3-demo,19,5,40,m3-demo_fcm_raw_8_NR2_NO_FeWe,0,Validate,8.473177212297182,2.5291131520796384,553.539385211185,179.49326096875475,1.0020071763519829,0.722582070451746
m3-demo,19,5,40,m3-demo_fcm_raw_8_NR2_NO_FeWe,0,Test,7.955462596918635,3.2159888066457887,513.9656875924031,202.84724430882108,0.9879269195689161,0.6863654915900195
dataset Name,Run,N.Epochs,Batch Size,Auto Encoder,Latent Dimension,Index,Mean sMAPE,Median sMAPE,Mean RMSE,Median RMSE,Mean MASE,Median MASE
m3-demo,20,5,40,m3-demo_fcm_raw_8_NR2_NO_FeWe,0,Validate,7.857374264245656,2.542380465638797,492.50909258048205,164.91871857354838,0.919991076867548,0.6882697634471249
m3-demo,20,5,40,m3-demo_fcm_raw_8_NR2_NO_FeWe,0,Test,8.038186936938525,4.300385519346835,506.7151293616385,254.09666009906823,1.0925508255064205,0.8669815621985573
dataset Name,Run,N.Epochs,Batch Size,Auto Encoder,Latent Dimension,Index,Mean sMAPE,Median sMAPE,Mean RMSE,Median RMSE,Mean MASE,Median MASE
m3-demo,21,5,40,m3-demo_fcm_raw_8_NR2_NO_FeWe,0,Validate,8.431353121618512,2.4526961260617584,527.4347744352142,170.54368160526326,0.9522026797626634,0.6741044068386637
m3-demo,21,5,40,m3-demo_fcm_raw_8_NR2_NO_FeWe,0,Test,8.102636649772757,3.911320229095736,522.2655277540391,237.2734048203545,1.106283790398166,0.86302825643955
dataset Name,Run,N.Epochs,Batch Size,Auto Encoder,Latent Dimension,Index,Mean sMAPE,Median sMAPE,Mean RMSE,Median RMSE,Mean MASE,Median MASE
m3-demo,22,5,40,m3-demo_fcm_raw_8_NR2_NO_FeWe,0,Validate,8.780541191934281,2.250848305885857,543.2867797718728,156.71592105282727,0.9476721155214005,0.6440734330284291
m3-demo,22,5,40,m3-demo_fcm_raw_8_NR2_NO_FeWe,0,Test,8.765195576346779,4.459272468160763,567.7528513237376,266.60851675517677,1.1791670580225184,0.8601158950581405
dataset Name,Run,N.Epochs,Batch Size,Auto Encoder,Latent Dimension,Index,Mean sMAPE,Median sMAPE,Mean RMSE,Median RMSE,Mean MASE,Median MASE
m3-demo,23,5,40,m3-demo_fcm_raw_8_NR2_NO_FeWe,0,Validate,7.829328067043359,2.3636794049505077,502.3728845099315,162.15419777431077,0.8851454824161576,0.6498791665936392
m3-demo,23,5,40,m3-demo_fcm_raw_8_NR2_NO_FeWe,0,Test,8.230647166256366,3.770950708999154,525.6657378120873,232.58723791386188,1.0440496212360526,0.8318231262788792
dataset Name,Run,N.Epochs,Batch Size,Auto Encoder,Latent Dimension,Index,Mean sMAPE,Median sMAPE,Mean RMSE,Median RMSE,Mean MASE,Median MASE
m3-demo,24,5,40,m3-demo_fcm_raw_8_NR2_NO_FeWe,0,Validate,8.561064388814083,2.270740216573426,529.8919783578066,170.96489090719504,0.9663440082870246,0.659146659963079
m3-demo,24,5,40,m3-demo_fcm_raw_8_NR2_NO_FeWe,0,Test,8.562158828935805,4.143461189679604,540.3062486191071,253.95766014886644,1.1435031160651692,0.8872974001992935
dataset Name,Run,N.Epochs,Batch Size,Auto Encoder,Latent Dimension,Index,Mean sMAPE,Median sMAPE,Mean RMSE,Median RMSE,Mean MASE,Median MASE
m3-demo,25,5,40,m3-demo_fcm_raw_8_NR2_NO_FeWe,0,Validate,8.276268401412382,2.330311442455388,527.5393299069453,166.72498327788304,0.9867554827551711,0.7084108928647184
m3-demo,25,5,40,m3-demo_fcm_raw_8_NR2_NO_FeWe,0,Test,7.843081278110358,3.0451553871399213,506.4911921858651,206.26830369388844,0.9793228165287808,0.7712728185609797
dataset Name,Run,N.Epochs,Batch Size,Auto Encoder,Latent Dimension,Index,Mean sMAPE,Median sMAPE,Mean RMSE,Median RMSE,Mean MASE,Median MASE
m3-demo,26,5,40,m3-demo_fcm_raw_8_NR2_NO_FeWe,0,Validate,7.734942669477111,2.0432754172496286,516.7137463495193,166.57207246108092,0.8965181628401349,0.6391724469840727
m3-demo,26,5,40,m3-demo_fcm_raw_8_NR2_NO_FeWe,0,Test,7.776504353032824,3.3960743506843065,486.9738657689076,218.1574152082777,0.9750366861522441,0.8361001771619655
dataset Name,Run,N.Epochs,Batch Size,Auto Encoder,Latent Dimension,Index,Mean sMAPE,Median sMAPE,Mean RMSE,Median RMSE,Mean MASE,Median MASE
m3-demo,27,5,40,m3-demo_fcm_raw_8_NR2_NO_FeWe,0,Validate,7.511408526509087,2.401440144616394,474.5159410564716,173.6576340422097,0.8744701313122606,0.6522411709354551
m3-demo,27,5,40,m3-demo_fcm_raw_8_NR2_NO_FeWe,0,Test,8.376476747791653,4.31100047541608,535.0712974500811,254.30616483422793,1.1110595739551066,0.8598287709052435
dataset Name,Run,N.Epochs,Batch Size,Auto Encoder,Latent Dimension,Index,Mean sMAPE,Median sMAPE,Mean RMSE,Median RMSE,Mean MASE,Median MASE
m3-demo,28,5,40,m3-demo_fcm_raw_8_NR2_NO_FeWe,0,Validate,7.8091919369094205,2.239671452826667,490.2623234322415,142.87988442781338,0.9235344681796892,0.6254296023469001
m3-demo,28,5,40,m3-demo_fcm_raw_8_NR2_NO_FeWe,0,Test,7.878210975619369,3.6768574780921606,486.5969831780189,233.20765498076923,1.0253998273344682,0.789692916496738
dataset Name,Run,N.Epochs,Batch Size,Auto Encoder,Latent Dimension,Index,Mean sMAPE,Median sMAPE,Mean RMSE,Median RMSE,Mean MASE,Median MASE
m3-demo,29,5,40,m3-demo_fcm_raw_8_NR2_NO_FeWe,0,Validate,7.883118411696267,2.1245449278036332,502.93911169041985,160.65804718914558,0.9248483458182479,0.6373618968552106
m3-demo,29,5,40,m3-demo_fcm_raw_8_NR2_NO_FeWe,0,Test,7.88883945365386,3.5928312546797616,503.1197807171231,235.12877618523433,0.9872615229369929,0.7796765913866446
dataset Name,Run,N.Epochs,Batch Size,Auto Encoder,Latent Dimension,Index,Mean sMAPE,Median sMAPE,Mean RMSE,Median RMSE,Mean MASE,Median MASE
m3-demo,30,5,40,m3-demo_fcm_raw_8_NR2_NO_FeWe,0,Validate,7.9586274154866565,2.221563752445626,498.88744511944896,157.80586086597233,0.9114172469780147,0.6306566410755322
m3-demo,30,5,40,m3-demo_fcm_raw_8_NR2_NO_FeWe,0,Test,7.664397835136396,3.184627305410744,488.88148544896393,201.52905106501186,0.9311559963744492,0.6820983082955084
dataset Name,Run,N.Epochs,Batch Size,Auto Encoder,Latent Dimension,Index,Mean sMAPE,Median sMAPE,Mean RMSE,Median RMSE,Mean MASE,Median MASE
m3-demo,31,5,40,m3-demo_fcm_raw_8_NR2_NO_FeWe,0,Validate,8.41358567342477,2.1000646392063143,516.4840690542941,160.78748102594915,0.9474108824421654,0.6513583331160483
m3-demo,31,5,40,m3-demo_fcm_raw_8_NR2_NO_FeWe,0,Test,7.681189103331886,3.283555155908934,483.2994240894841,179.16603523791855,0.9113372345930787,0.6873788163577577
dataset Name,Run,N.Epochs,Batch Size,Auto Encoder,Latent Dimension,Index,Mean sMAPE,Median sMAPE,Mean RMSE,Median RMSE,Mean MASE,Median MASE
m3-demo,32,5,40,m3-demo_fcm_raw_8_NR2_NO_FeWe,0,Validate,7.936676710642306,2.2977460088030055,499.2222161036695,155.90832277727665,0.9509447726358922,0.677290581848745
m3-demo,32,5,40,m3-demo_fcm_raw_8_NR2_NO_FeWe,0,Test,8.129084914676199,3.3719632078369557,500.10330218121226,243.22809785244564,1.010271642830423,0.8485343959504773
dataset Name,Run,N.Epochs,Batch Size,Auto Encoder,Latent Dimension,Index,Mean sMAPE,Median sMAPE,Mean RMSE,Median RMSE,Mean MASE,Median MASE
m3-demo,33,5,40,m3-demo_fcm_raw_8_NR2_NO_FeWe,0,Validate,7.938314279482318,2.646122449606962,508.425345031649,186.70853454118586,0.9488369430827092,0.7580103181260783
m3-demo,33,5,40,m3-demo_fcm_raw_8_NR2_NO_FeWe,0,Test,8.346008089028699,4.576323712366796,537.0719143738053,280.2557865658561,1.2025099971071431,1.025000376014165
dataset Name,Run,N.Epochs,Batch Size,Auto Encoder,Latent Dimension,Index,Mean sMAPE,Median sMAPE,Mean RMSE,Median RMSE,Mean MASE,Median MASE
m3-demo,34,5,40,m3-demo_fcm_raw_8_NR2_NO_FeWe,0,Validate,8.506209211096001,2.1129222650191615,538.874753983327,146.3950744230431,0.9345334147326041,0.669697621941359
m3-demo,34,5,40,m3-demo_fcm_raw_8_NR2_NO_FeWe,0,Test,8.133825286568444,3.402076856584122,521.504406765024,216.55086348207777,0.9994868788253616,0.7771721263923277
dataset Name,Run,N.Epochs,Batch Size,Auto Encoder,Latent Dimension,Index,Mean sMAPE,Median sMAPE,Mean RMSE,Median RMSE,Mean MASE,Median MASE
m3-demo,35,5,40,m3-demo_fcm_raw_8_NR2_NO_FeWe,0,Validate,8.858669369487568,2.5162968705312467,559.7839038625484,160.54614460267734,0.9994670932670442,0.7492340278495146
m3-demo,35,5,40,m3-demo_fcm_raw_8_NR2_NO_FeWe,0,Test,7.761875001730258,3.1113123176852318,491.711817039022,213.3877255313185,0.9802233266040883,0.8046841313947116
dataset Name,Run,N.Epochs,Batch Size,Auto Encoder,Latent Dimension,Index,Mean sMAPE,Median sMAPE,Mean RMSE,Median RMSE,Mean MASE,Median MASE
m3-demo,36,5,40,m3-demo_fcm_raw_8_NR2_NO_FeWe,0,Validate,9.013111267004813,2.160824014377069,552.1370883963556,150.7303342660051,0.9602413994261918,0.61933885957972
m3-demo,36,5,40,m3-demo_fcm_raw_8_NR2_NO_FeWe,0,Test,7.7695204359348065,3.1801181795291122,484.38107963326985,211.65204647912202,0.9352565125731576,0.7318446718431374
dataset Name,Run,N.Epochs,Batch Size,Auto Encoder,Latent Dimension,Index,Mean sMAPE,Median sMAPE,Mean RMSE,Median RMSE,Mean MASE,Median MASE
m3-demo,37,5,40,m3-demo_fcm_raw_8_NR2_NO_FeWe,0,Validate,8.02015695618012,2.2214731804621506,496.80087574948163,155.92255878032026,0.8989872320836874,0.6575069345362387
m3-demo,37,5,40,m3-demo_fcm_raw_8_NR2_NO_FeWe,0,Test,7.56732193731387,3.319379188779769,478.813428622546,200.3018307654915,0.9366636894777853,0.751422661318164
dataset Name,Run,N.Epochs,Batch Size,Auto Encoder,Latent Dimension,Index,Mean sMAPE,Median sMAPE,Mean RMSE,Median RMSE,Mean MASE,Median MASE
m3-demo,38,5,40,m3-demo_fcm_raw_8_NR2_NO_FeWe,0,Validate,8.136104999647994,2.306991282846617,514.1621998062851,141.38271013890792,0.9191520492165743,0.6906999024526206
m3-demo,38,5,40,m3-demo_fcm_raw_8_NR2_NO_FeWe,0,Test,7.578716494997201,2.9373353278103003,482.41019972875404,199.33269538848415,0.9196245379447711,0.7005914579080107
dataset Name,Run,N.Epochs,Batch Size,Auto Encoder,Latent Dimension,Index,Mean sMAPE,Median sMAPE,Mean RMSE,Median RMSE,Mean MASE,Median MASE
m3-demo,39,5,40,m3-demo_fcm_raw_8_NR2_NO_FeWe,0,Validate,8.052153129778555,2.0627739028604553,493.20388176579877,149.51902960231592,0.8905136937838126,0.6218376886075156
m3-demo,39,5,40,m3-demo_fcm_raw_8_NR2_NO_FeWe,0,Test,8.165156806154148,4.161399799946392,516.5305715632655,270.2067093209081,1.112663466372291,0.9787919521013007
dataset Name,Run,N.Epochs,Batch Size,Auto Encoder,Latent Dimension,Index,Mean sMAPE,Median sMAPE,Mean RMSE,Median RMSE,Mean MASE,Median MASE
m3-demo,40,5,40,m3-demo_fcm_raw_8_NR2_NO_FeWe,0,Validate,8.071835102586244,2.1742059202145683,518.492103379564,164.10552147016534,0.9262647463646283,0.6586157937802795
m3-demo,40,5,40,m3-demo_fcm_raw_8_NR2_NO_FeWe,0,Test,8.685603615117506,3.5183292632112337,572.7945484867098,247.67763453617965,1.1492698170949662,0.8759107600213156
dataset Name,Run,N.Epochs,Batch Size,Auto Encoder,Latent Dimension,Index,Mean sMAPE,Median sMAPE,Mean RMSE,Median RMSE,Mean MASE,Median MASE
m3-demo,41,5,40,m3-demo_fcm_raw_8_NR2_NO_FeWe,0,Validate,7.993984762347497,2.557301931330605,506.9763692612082,170.22631185762555,0.9636050121138876,0.7333454886689544
m3-demo,41,5,40,m3-demo_fcm_raw_8_NR2_NO_FeWe,0,Test,8.369435708157798,4.811860895907054,538.5654303585809,292.24306110159995,1.2227583431251823,1.1087147788312572
dataset Name,Run,N.Epochs,Batch Size,Auto Encoder,Latent Dimension,Index,Mean sMAPE,Median sMAPE,Mean RMSE,Median RMSE,Mean MASE,Median MASE
m3-demo,42,5,40,m3-demo_fcm_raw_8_NR2_NO_FeWe,0,Validate,8.223278522080395,2.5256777714686116,521.3797363402206,160.25768818781717,0.9176344291981653,0.7019653811268199
m3-demo,42,5,40,m3-demo_fcm_raw_8_NR2_NO_FeWe,0,Test,8.230979592706266,3.5752936939921494,519.0230326165395,259.488098706668,1.10125727109531,0.8510373078020969
dataset Name,Run,N.Epochs,Batch Size,Auto Encoder,Latent Dimension,Index,Mean sMAPE,Median sMAPE,Mean RMSE,Median RMSE,Mean MASE,Median MASE
m3-demo,43,5,40,m3-demo_fcm_raw_8_NR2_NO_FeWe,0,Validate,8.068539810848344,1.916403984992323,505.3457293311609,167.05286574453532,0.9450746164669169,0.6412124535090553
m3-demo,43,5,40,m3-demo_fcm_raw_8_NR2_NO_FeWe,0,Test,7.539030752045049,2.9660173063798227,485.8645947206488,209.60935792768487,0.9397813707712742,0.724752693156118
dataset Name,Run,N.Epochs,Batch Size,Auto Encoder,Latent Dimension,Index,Mean sMAPE,Median sMAPE,Mean RMSE,Median RMSE,Mean MASE,Median MASE
m3-demo,44,5,40,m3-demo_fcm_raw_8_NR2_NO_FeWe,0,Validate,8.690791407914498,2.6392434961589775,538.4661049784069,181.87783301654375,0.9812975110420848,0.7617362097573284
m3-demo,44,5,40,m3-demo_fcm_raw_8_NR2_NO_FeWe,0,Test,9.104484833476521,4.336260907127987,586.7905085197873,290.04904136712383,1.1984248622638265,0.8824299622817253
dataset Name,Run,N.Epochs,Batch Size,Auto Encoder,Latent Dimension,Index,Mean sMAPE,Median sMAPE,Mean RMSE,Median RMSE,Mean MASE,Median MASE
m3-demo,45,5,40,m3-demo_fcm_raw_8_NR2_NO_FeWe,0,Validate,7.91078329891761,2.1382394693759204,516.0100499783555,155.40420740906927,0.8990466304791936,0.6586372359362646
m3-demo,45,5,40,m3-demo_fcm_raw_8_NR2_NO_FeWe,0,Test,8.046189098124017,3.959355363174729,500.7369851972323,238.82951538825915,1.043996231418543,0.8528310866098234
dataset Name,Run,N.Epochs,Batch Size,Auto Encoder,Latent Dimension,Index,Mean sMAPE,Median sMAPE,Mean RMSE,Median RMSE,Mean MASE,Median MASE
m3-demo,46,5,40,m3-demo_fcm_raw_8_NR2_NO_FeWe,0,Validate,9.27804900070337,2.226465786765832,601.6560400597016,153.57022173422897,0.9952583639371246,0.6834746891992143
m3-demo,46,5,40,m3-demo_fcm_raw_8_NR2_NO_FeWe,0,Test,9.587105098644235,4.213161403658575,627.4534755222616,258.82582747295623,1.1389842715620695,0.8280298647638733
dataset Name,Run,N.Epochs,Batch Size,Auto Encoder,Latent Dimension,Index,Mean sMAPE,Median sMAPE,Mean RMSE,Median RMSE,Mean MASE,Median MASE
m3-demo,47,5,40,m3-demo_fcm_raw_8_NR2_NO_FeWe,0,Validate,8.077769308048692,2.8428256772835154,515.5218625365982,189.57548690980687,0.9357940839665979,0.7469822266538868
m3-demo,47,5,40,m3-demo_fcm_raw_8_NR2_NO_FeWe,0,Test,8.978240472240461,4.623491681571014,564.9422804761564,280.73093325085625,1.2604986562028404,1.1516038418713888
dataset Name,Run,N.Epochs,Batch Size,Auto Encoder,Latent Dimension,Index,Mean sMAPE,Median sMAPE,Mean RMSE,Median RMSE,Mean MASE,Median MASE
m3-demo,48,5,40,m3-demo_fcm_raw_8_NR2_NO_FeWe,0,Validate,7.80396898184059,2.33072629094077,486.7098045651404,161.28460003913804,0.9073078868217421,0.6523325154980184
m3-demo,48,5,40,m3-demo_fcm_raw_8_NR2_NO_FeWe,0,Test,8.208809402823674,4.507178528581248,519.5045413147744,267.8639179471681,1.1096584006037844,0.8837730658854359
dataset Name,Run,N.Epochs,Batch Size,Auto Encoder,Latent Dimension,Index,Mean sMAPE,Median sMAPE,Mean RMSE,Median RMSE,Mean MASE,Median MASE
m3-demo,49,5,40,m3-demo_fcm_raw_8_NR2_NO_FeWe,0,Validate,8.326658972313384,2.313337663527629,524.5347367249686,156.9494119241987,0.9280437274993566,0.6556952616942575
m3-demo,49,5,40,m3-demo_fcm_raw_8_NR2_NO_FeWe,0,Test,8.390890523494186,3.9280019733713893,522.1255794139954,240.31888888097834,1.0843350823282973,0.86272731559479
